rank,category,Youtuber,video views,subscribers,,Category,Total_Views,Total_Subscribers
1,Music,T-Series,228000000000,245000000,,Music,3121477506633,5195000000
4,Education,Cocomelon - Nursery Rhymes,164000000000,162000000,,Entertainment,2527739309583,5158200000
5,Shows,SET India,148000000000,159000000,,People & Blogs,1265791201548,2779400000
16,Shows,Sony SAB,101000000000,83000000,,Education,696614472899,1194400000
7,People & Blogs,ýýý Kids Diana Show,93247040539,112000000,,Film & Animation,544422509313,1314900000
12,Sports,WWE,77428473662,96000000,,Shows,446206826909,541000000
10,Entertainment,Vlad and Niki,77180169894,98900000,,Sports,147986290620,298200000
22,Entertainment,Zee TV,73139054467,70500000,,,,
27,Shows,Colors TV,61510906457,64600000,,,,
30,Film & Animation,Movieclips,59316472754,59500000,,,,
11,Music,Zee Music Company,57856289381,96700000,,,,
32,Music,El Reino Infantil,57271630846,58400000,,,,
260,Music,netd mï¿½ï¿,56106087508,24100000,,,,
112,Entertainment,Ryan's World,55299840198,35200000,,,,
61,People & Blogs,ABS-CBN Entertainment,50292540392,44200000,,,,
25,Education,ChuChu TV Nursery Rhymes & Kids Songs,45757850229,65900000,,,,
81,Education,Super Simple Songs - Kids Songs,44900897958,39200000,,,,
57,Entertainment,HAR PAL GEO,41139050371,44600000,,,,
33,Music,Wave Music,40602020243,58000000,,,,
73,Education,Little Baby Bum - Nursery Rhymes & Kids Songs,39450824833,40900000,,,,
23,Education,Pinkfong Baby Shark - Kids' Songs & Stories,38843229963,68200000,,,,
66,Entertainment,ARY Digital HD,37939780685,43200000,,,,
24,Music,Canal KondZilla,36775585925,66500000,,,,
65,Film & Animation,ýýýýýýýý ýý ýýýýýýýýýýýýýý,36458726976,43200000,,,,
83,Entertainment,WorkpointOfficial,36131228583,39000000,,,,
38,Film & Animation,YRF,35302243691,54600000,,,,
232,Comedy,LankyBox,34300482066,25400000,,,,
31,Music,Tips Official,33431802698,59300000,,,,
14,People & Blogs,BLACKPINK,32144597566,89800000,,,,
215,nan,D Billions,31977463002,26200000,,,,
295,Entertainment,Tsuriki Show,31494513067,23000000,,,,
47,Entertainment,Get Movies,30788679536,47500000,,,,
41,Education,Infobells - Hindi,30516172739,53300000,,,,
20,Music,Justin Bieber,30608119724,71600000,,,,
40,Music,Ed Sheeran,30367676736,53500000,,,,
42,Music,Taylor Swift,29884657286,52900000,,,,
126,Entertainment,Ch3Thailand,29611914495,33500000,,,,
379,Entertainment,Vijay Television,29406206620,20400000,,,,
8,Gaming,PewDiePie,29058044447,111000000,,,,
35,Music,Sony Music India,28837144516,57200000,,,,
21,Music,HYBE LABELS,28634566938,71300000,,,,
26,Music,Shemaroo Filmi Gaane,28648024439,65600000,,,,
3,Entertainment,MrBeast,28368841870,166000000,,,,
90,Shows,Sony PAL,28519339489,38200000,,,,
134,Music,DisneyMusicVEVO,28516250629,32700000,,,,
166,Entertainment,ýýýýýýýý ýýýýýýýý ýýýýýýýýýý | toyoraljanahtv,27684955537,30200000,,,,
64,People & Blogs,Shakira,27568757295,43500000,,,,
141,Music,SMTOWN,27330239663,31900000,,,,
121,Film & Animation,Galinha Pintadinha,27274550757,33800000,,,,
50,Music,SonyMusicIndiaVEVO,27286058807,46600000,,,,
94,Entertainment,ýýýýýýýýýýýý one31,27262462114,37500000,,,,
311,People & Blogs,LeoNata Family,27084848152,22600000,,,,
106,Music,La Granja de Zenï¿½,27118354077,35700000,,,,
36,Music,EminemMusic,27073872856,56900000,,,,
140,Entertainment,StarPlus,26800674545,32000000,,,,
212,Comedy,Alan Chikin Chow,27006526665,26400000,,,,
67,Music,Speed Records,26820902622,42500000,,,,
149,Music,JustinBieberVEVO,26583873105,31600000,,,,
131,Education,BabyBus - Kids Songs and Cartoons,26355088167,32800000,,,,
228,Music,TaylorSwiftVEVO,25592378292,25600000,,,,
291,Music,GMM GRAMMY OFFICIAL,25579831081,23100000,,,,
113,Education,Genevieve's Playhouse - Learning Videos for Kids,25607397308,34900000,,,,
59,Music,Katy Perry,25458952022,44200000,,,,
34,News & Politics,Aaj Tak,25307753534,57600000,,,,
465,Music,shakiraVEVO,25367126292,18400000,,,,
84,Music,GR6 EXPLODE,25154232306,38900000,,,,
68,Shows,Masha and The Bear,24519022988,42400000,,,,
97,People & Blogs,Maria Clara & JP,24188861917,37000000,,,,
317,Gaming,FGTeeV,24059336857,22300000,,,,
43,Music,Ariana Grande,24004842608,52700000,,,,
251,Music,1theK (ï¿½ï¿½ï¿½ï¿½ï,23962070944,24500000,,,,
186,Entertainment,HUM TV,23844936965,28300000,,,,
77,People & Blogs,shfa2 - ï¿½ï¿½,23884824160,39700000,,,,
249,Music,KatyPerryVEVO,23755792542,24600000,,,,
122,Gaming,SSSniperWolf,23492684419,33700000,,,,
92,nan,Vlad vï¿½ï¿½ï,23510152352,37900000,,,,
135,Music,The Weeknd,23379969006,32600000,,,,
392,Entertainment,CookieSwirlC,23353115850,20100000,,,,
104,Music,Ozuna,23355801606,36200000,,,,
423,Entertainment,etvteluguindia,23038014291,19400000,,,,
117,Music,J Balvin,23005313609,34100000,,,,
151,Film & Animation,Peppa Pig - Official Channel,22919271731,31400000,,,,
91,Music,Daddy Yankee,22731415608,38000000,,,,
89,Entertainment,TheEllenShow,22756581750,38200000,,,,
109,Music,T-Series Bollywood Classics,22637783517,35400000,,,,
169,Education,Little Angel: Nursery Rhymes & Kids Songs,22593193994,30100000,,,,
99,Music,Maroon 5,22553923546,36600000,,,,
48,Entertainment,Shemaroo,22519705183,47400000,,,,
70,Entertainment,Rihanna,22477745835,41900000,,,,
286,Entertainment,Sesame Street,22471357411,23300000,,,,
199,Film & Animation,Nick Jr.,22440611155,27300000,,,,
54,Entertainment,Voot Kids,21388725229,45500000,,,,
389,Comedy,dednahype,20919403720,20200000,,,,
306,People & Blogs,Sun TV,20847038152,22600000,,,,
146,Entertainment,DONA ï¿½ï¿½,21031745531,31700000,,,,
192,Music,Bounce Patrol - Kids Songs,21037851468,27800000,,,,
18,Music,BANGTANTV,20826993957,75600000,,,,
883,Music,jbalvinVEVO,20743586601,13200000,,,,
247,Music,EminemVEVO,20531704527,24700000,,,,
588,Entertainment,LEGO,20522339099,16200000,,,,
210,Music,WORLDSTARHIPHOP,20358117330,26500000,,,,
276,Pets & Animals,That Little Puff,20289689389,23700000,,,,
111,Gaming,Markiplier,20297931219,35200000,,,,
129,Education,CVS 3D Rhymes & Kids Songs,20269857567,33400000,,,,
454,Music,GRAMMY GOLD OFFICIAL,20196704276,18600000,,,,
498,Music,ArianaGrandeVevo,20115544708,17700000,,,,
749,Music,Maroon5VEVO,20042571499,14500000,,,,
196,Music,JYP Entertainment,19883150017,27400000,,,,
496,nan,ýýýýýýýýý KIMPRO,19206701832,17700000,,,,
390,Comedy,Marta and Rustam,19694265358,20200000,,,,
168,Music,Spinnin' Records,19607009165,30100000,,,,
69,Entertainment,Like Nastya Show,19547696190,42400000,,,,
142,Entertainment,GMA  Network,19428308461,31900000,,,,
239,Music,RihannaVEVO,19458807708,25100000,,,,
198,Gaming,DanTDM,19417887510,27400000,,,,
98,Music,Bruno Mars,19378155425,36700000,,,,
799,People & Blogs,ViralHog,18917687143,14000000,,,,
133,nan,BETER Bï¿½ï¿½,19180039918,32700000,,,,
790,Music,MalumaVEVO,19013942981,14100000,,,,
101,Film & Animation,PowerKids TV,18961241905,36500000,,,,
137,Music,KAROL G,18699145555,32100000,,,,
768,Entertainment,ZEE5,18515587421,14400000,,,,
303,Entertainment,KL BRO Biju Rithvik,17988347989,22800000,,,,
321,Entertainment,Sagawa /ï¿½ï¿½ï¿½,18347969186,22000000,,,,
93,Entertainment,Like Nastya ESP,18208196857,37600000,,,,
365,Entertainment,Yoeslan,17963202261,20700000,,,,
162,nan,ýýýýýýýýýýýýýýý ýýýýýý ýýýýýýýýýýýýýýýýýý,17999961915,30400000,,,,
482,Music,SonyMusicSouthVEVO,17921124985,18000000,,,,
180,Education,infobells - Tamil,17930570614,28900000,,,,
400,People & Blogs,BuzzFeedVideo,17913237851,20100000,,,,
516,Gaming,Aphmau,17763586483,17400000,,,,
224,Music,David Guetta,17793809548,25700000,,,,
272,Music,Enrique Iglesias,17688774915,23800000,,,,
71,Trailers,Ishtar Music,17608931161,41400000,,,,
309,People & Blogs,mmoshaya,17507060680,22600000,,,,
243,Entertainment,Dan Rhodes,17387583720,24800000,,,,
213,Entertainment,PANDA BOI,17211600007,26400000,,,,
202,Entertainment,Dushyant kukreja,17318452893,27100000,,,,
233,Music,Coldplay,17331663193,25300000,,,,
505,Film & Animation,El Payaso Plim Plim,17247584185,17700000,,,,
220,Music,Beyoncï¿,17308961985,26000000,,,,
173,Music,Ultra Records,17208027242,29600000,,,,
153,Comedy,The Tonight Show Starring Jimmy Fallon,17111726160,31200000,,,,
158,News & Politics,Zee News,16709857823,30500000,,,,
155,Music,ImagineDragons,16793072362,30700000,,,,
87,Music,Goldmines Gaane Sune Ansune,16718192386,38300000,,,,
966,Music,Mundo Bita,16690788752,12500000,,,,
519,People & Blogs,Koray Zeynep,16560557488,17400000,,,,
55,Entertainment,Felipe Neto,16602198273,45200000,,,,
651,Entertainment,Mazhavil Manorama,16545966132,15300000,,,,
145,Music,Worldwide Records Bhojpuri,16476978876,31700000,,,,
95,Comedy,Jkk Entertainment,16402066717,37200000,,,,
240,Music,WatchMojo.com,16357064198,25100000,,,,
301,Music,toyorbabytv,16298342829,22900000,,,,
29,Sports,Dude Perfect,16241549158,59500000,,,,
170,Gaming,jacksepticeye,16246625836,30100000,,,,
216,Entertainment,Junya.ï¿½ï¿½ï¿½ï¿½,16097531087,26200000,,,,
108,News & Politics,IndiaTV,16105023749,35500000,,,,
492,Shows,MGC Playhouse,16174530046,17900000,,,,
82,Gaming,Mikecrack,16118181673,39100000,,,,
515,Gaming,IGN,16107116549,17500000,,,,
438,Music,Calvin Harris,16014044618,19000000,,,,
700,People & Blogs,ZutiGang,15913320995,14900000,,,,
277,Music,NickyJamTV,15901824841,23600000,,,,
713,nan,Filaretiki,15788208522,14800000,,,,
600,Entertainment,Disney Junior,15812009296,16100000,,,,
193,Music,toycantando,15777682516,27700000,,,,
288,People & Blogs,Lady Gaga,15751661213,23200000,,,,
107,Entertainment,Saregama Music,15657673422,35500000,,,,
256,nan,shfa show India,15724160183,24200000,,,,
324,Comedy,Topper Guild,15552070846,21900000,,,,
100,Trailers,Ultra Bollywood,15653786446,36600000,,,,
223,Gaming,VanossGaming,15541421838,25800000,,,,
275,People & Blogs,Mister Max,15510153803,23700000,,,,
920,Music,EnriqueIglesiasVEVO,15446707595,12900000,,,,
120,Gaming,VEGETTA777,15432929204,33800000,,,,
560,Entertainment,Younes Zarou,15278668857,16600000,,,,
439,Entertainment,KBS WORLD TV,15126092508,19000000,,,,
209,News & Politics,Raffy Tulfo in Action,15065753455,26500000,,,,
373,Entertainment,Mnet K-POP,15038593883,20500000,,,,
125,Music,Rajshri,14864294792,33500000,,,,
185,Education,infobells - Telugu,14814192034,28300000,,,,
475,Education,Blippi - Educational Videos for Kids,14857290259,18100000,,,,
242,Music,Anuel AA,14827085149,25000000,,,,
397,Music,7clouds,14816075927,20100000,,,,
282,Gaming,Jelly,14777034543,23500000,,,,
176,Entertainment,Zhong,14727238483,29200000,,,,
838,Entertainment,Saturday Night Live,14717282742,13600000,,,,
37,Entertainment,Marshmello,14696003229,56400000,,,,
246,People & Blogs,mujjuu___14,14655527943,24800000,,,,
283,People & Blogs,Miss Katy,14696994366,23500000,,,,
634,Music,Henrique e Juliano,14619523361,15500000,,,,
45,Gaming,JuegaGerman,14631710289,48100000,,,,
587,News & Politics,Thairath Online,14563841315,16200000,,,,
644,Music,Genierock,14564170905,15400000,,,,
524,Gaming,PopularMMOs,14573155899,17200000,,,,
536,Music,LuisFonsiVEVO,14543594822,17000000,,,,
188,Music,Michael Jackson,14412474625,28200000,,,,
230,Music,Post Malone,14401218086,25500000,,,,
308,Music,The Chainsmokers,14231943358,22600000,,,,
659,News & Politics,CNN,14198154095,15200000,,,,
164,Music,Adele,14199108016,30200000,,,,
219,People & Blogs,NichLmao,14101010609,26000000,,,,
930,Music,Beyoncï¿½ï¿½,14185611472,12800000,,,,
241,Entertainment,TRANS7 OFFICIAL,14169516119,25000000,,,,
264,Comedy,Spider Slack,13943030228,24000000,,,,
161,Music,Trap Nation,14037426379,30400000,,,,
675,Entertainment,Chapitosiki,13897932103,15100000,,,,
416,Shows,Sony AATH,13930021471,19600000,,,,
406,Music,Gusttavo Lima Oficial,13917423958,19900000,,,,
437,Film & Animation,Turma da Mï¿½ï¿½,13824277846,19000000,,,,
314,Gaming,SSundee,13835173331,22500000,,,,
46,Music,Billie Eilish,13626331061,47900000,,,,
800,People & Blogs,ETV Jabardasth,13542939513,14000000,,,,
163,Entertainment,Boram Tube Vlog [ï¿½ï¿½ï¿½ï¿½ï¿½ï¿½ï¿½ï¿½ï¿,13546549817,30300000,,,,
310,Music,Sia,13405849040,22600000,,,,
472,Entertainment,Jake Fellman,13378360425,18100000,,,,
195,Music,Wiz Khalifa,13379395501,27500000,,,,
704,Music,Fueled By Ramen,13356517783,14800000,,,,
691,Comedy,ISSEI / ï¿½ï¿½ï¿½ï¿½,13562853889,15000000,,,,
302,Education,BabyBus - Canciones Infantiles & Videos para Niï¿½ï,13206471140,22900000,,,,
938,Entertainment,YoungBoy Never Broke Again,13174393401,12700000,,,,
96,People & Blogs,ABP NEWS,13102611515,37000000,,,,
401,Entertainment,REACT,13154314376,20000000,,,,
294,Shows,Kids TV - Nursery Rhymes And Baby Songs,13151870846,23100000,,,,
430,Entertainment,Jimmy Kimmel Live,13124645973,19100000,,,,
617,Film & Animation,Rotten Tomatoes Trailers,13116313599,15800000,,,,
517,Entertainment,AMARINTV : ï¿½ï¿½ï¿½ï¿½ï¿½ï¿½ï¿½ï¿½ï¿½ï¿½ï¿½ï¿½,13043561912,17400000,,,,
139,Gaming,rezendeevil,13061739758,32100000,,,,
124,Film & Animation,Selena Gomez,13013567335,33600000,,,,
724,News & Politics,ABC News,12961669452,14700000,,,,
259,Comedy,Daniel LaBelle,12916159065,24100000,,,,
348,Entertainment,Dangal TV Channel,12895427184,21300000,,,,
290,Music,Wave Music Bhojpuri,12889240875,23100000,,,,
572,Entertainment,GMMTV OFFICIALï¿½ï¿½,12844432341,16400000,,,,
171,Music,Shawn Mendes,12831200855,30000000,,,,
203,Howto & Style,Gulshan Kalra,12732444881,27100000,,,,
116,Music,Geet MP3,12746535822,34300000,,,,
636,Entertainment,Kashvi Adlakha,12714141740,15500000,,,,
345,People & Blogs,Ishaan Ali 11,12761253839,21300000,,,,
369,Sports,NBA,12624879732,20700000,,,,
983,Music,DisneyChannelUK,12607488647,12400000,,,,
810,Music,Atlantic Records,12513842343,13900000,,,,
578,Music,Pitbull,12475714382,16300000,,,,
676,Music,AdeleVEVO,12413869881,15100000,,,,
723,Entertainment,Colors Rishtey,12362331529,14700000,,,,
252,Entertainment,Like Nastya AE,12385924995,24400000,,,,
156,nan,Diana and Roma ESP,12355992466,30700000,,,,
329,Music,OneDirectionVEVO,12140232004,21800000,,,,
559,Music,Lahari Music - TSeries,11946217860,16600000,,,,
851,Music,Codiscos,11789678655,13400000,,,,
690,News & Politics,KOMPASTV,11827310821,15000000,,,,
384,Education,BabyBus - Cerita & Lagu Anak-anak,11819051552,20300000,,,,
846,Comedy,Woody & Kleiny,11717217293,13500000,,,,
965,Entertainment,Flowers Comedy,11691081301,12500000,,,,
177,Comedy,Enaldinho,11627437847,29200000,,,,
148,Entertainment,Lucas and Marcus,11615848291,31600000,,,,
964,Entertainment,Zee Tamil,11552190002,12500000,,,,
305,Entertainment,Like Nastya PRT,11568118121,22700000,,,,
463,Music,RsiamMusic : ï¿½ï¿½ï¿½ï¿½ï¿½ï¿½ï¿½ï¿½,11544297793,18400000,,,,
692,Music,Zï¿½ï¿½ï¿½ï¿½ï¿½ï¿½ï,11506702632,15000000,,,,
919,Music,Rauw Alejandro,11504090820,12900000,,,,
640,Gaming,FFUNTV,11513738907,15400000,,,,
781,Entertainment,Zee Bangla,11428794827,14200000,,,,
528,Education,El Reino a Jugar,11445492404,17200000,,,,
767,Music,SelenaGomezVEVO,11423792969,14400000,,,,
522,Entertainment,Taarak Mehta Ka Ooltah Chashmah,11371738047,17300000,,,,
127,Comedy,KHANDESHI MOVIES,11405809704,33500000,,,,
222,Music,Indosiar,11372071889,25900000,,,,
350,Entertainment,GMA Public  Affairs,11364908616,21200000,,,,
119,Film & Animation,Jingle Toons,11351015824,34000000,,,,
413,Entertainment,Britain's Got Talent,11323617496,19700000,,,,
396,Film & Animation,Pencilmation,11317309935,20100000,,,,
328,Music,Dua Lipa,11288359365,21800000,,,,
732,Music,O Reino Infantil,11182302317,14600000,,,,
318,Entertainment,Kinder Spielzeug Kanal (Kidibli),11136266461,22200000,,,,
518,Music,ýýýýýýýýýýýýýýýý - Al-Remas,11144195464,17400000,,,,
360,People & Blogs,LIV Crime,11058049885,20900000,,,,
821,Music,Think Music India,11039343563,13800000,,,,
235,People & Blogs,WB Kids,11081602368,25200000,,,,
258,Comedy,Alejo Igoa,10999000479,24100000,,,,
375,Entertainment,Ninja Kidz TV,11009148579,20500000,,,,
494,People & Blogs,Priyal Kukreja,11057945183,17800000,,,,
262,nan,Diana and Roma ARA,11041261296,24100000,,,,
383,Education,ýýýýýýýýýýýýýýý - Genevieve's Playhouse,11022391339,20300000,,,,
298,Entertainment,White Hill Music,10939966484,23000000,,,,
533,Music,Queen Official,10847948832,17000000,,,,
648,Education,Dave and Ava - Nursery Rhymes and Baby Songs,10714145606,15300000,,,,
476,Music,officialpsy,10703830496,18100000,,,,
344,Music,Becky G,10644857969,21300000,,,,
355,Entertainment,Lyrical Lemonade,10631638628,21000000,,,,
313,nan,Vlad and Niki Arabic,10613701948,22500000,,,,
138,Shows,Mr Bean,10602236110,32100000,,,,
128,Music,NoCopyrightSounds,10530729078,33400000,,,,
80,Music,XXXTENTACION,10507474316,39200000,,,,
674,News & Politics,ABS-CBN News,10489367372,15100000,,,,
481,News & Politics,Sebastiï¿½ï¿½ï¿½,10463166404,18000000,,,,
238,News & Politics,The Lallantop,10409352249,25200000,,,,
217,Comedy,Smosh,10435474336,26100000,,,,
271,Howto & Style,Troom Troom,10414479943,23800000,,,,
963,Entertainment,Family Fitness,10384848759,12500000,,,,
748,People & Blogs,TV9 Bharatvarsh,10303519926,14500000,,,,
197,People & Blogs,ýýý Kids Roma Show,10336420490,27400000,,,,
53,Gaming,Fernanfloo,10323391593,46100000,,,,
207,Comedy,enchufetv,10317306313,26700000,,,,
372,Music,Avicii,10292874715,20600000,,,,
780,Comedy,SEVENGERS,10238593147,14200000,,,,
689,Entertainment,Ray William Johnson,10239836582,15000000,,,,
226,Music,Nicki Minaj,10242981063,25700000,,,,
582,Music,Jennifer Lopez,10227242833,16200000,,,,
577,Music,SAM SMITH,10170264839,16300000,,,,
183,Movies,Aditya Movies,10062770060,28400000,,,,
859,People & Blogs,Peet Montzingo,10022557589,13400000,,,,
694,Music,50 Cent,10069000444,14900000,,,,
347,Entertainment,Azhan5star,10047736580,21300000,,,,
304,People & Blogs,Vania Mania Kids,10115316784,22700000,,,,
687,Music,Sony Music South,9978734160,15000000,,,,
907,Entertainment,JesseAndMike,9999238237,13000000,,,,
650,People & Blogs,ILYA BORZOV,9938811455,15300000,,,,
474,Gaming,SQUEEZIE,9983065083,18100000,,,,
608,Music,DopeLyrics,9962188084,15900000,,,,
182,Entertainment,The Late Late Show with James Corden,9956764048,28400000,,,,
491,Music,Jason Derulo,9887116267,17900000,,,,
319,Music,Charlie Puth,9924807127,22000000,,,,
44,Education,BillionSurpriseToys  - Nursery Rhymes & Cartoons,9877365274,52200000,,,,
470,People & Blogs,Bobby chourasiya,9937823152,18200000,,,,
875,Entertainment,HUBAï¿½ï¿½,9884886099,13200000,,,,
490,Entertainment,Like Nastya VNM,9867515979,17900000,,,,
678,People & Blogs,Chetan Monga Vlogs,9924103188,15000000,,,,
442,Education,Little Angel Espaï¿½ï¿½ï¿½ï¿½ï¿½ï¿½ï¿½ï¿½ï¿½,9813245108,18900000,,,,
586,Music,POPS Kids,9763592867,16200000,,,,
618,Film & Animation,Volga Video,9787697838,15700000,,,,
356,nan,Vlad and Niki IDN,9789121606,21000000,,,,
531,Entertainment,TRANS TV Official,9710962528,17100000,,,,
405,Film & Animation,Green Gold TV - Official Channel,9715291883,20000000,,,,
837,Pets & Animals,BBC,9685060624,13600000,,,,
798,Music,Gallina Pintadita,9660950823,14000000,,,,
479,Sports,How Ridiculous,9601137077,18000000,,,,
334,Autos & Vehicles,DUDU e CAROL,9597894786,21600000,,,,
448,Entertainment,ýýýýýýýýýýýýýýýýýýýýýý,9594188708,18800000,,,,
447,Music,Farruko,9573641299,18800000,,,,
858,News & Politics,GMA Integrated News,9569814790,13400000,,,,
825,Comedy,The Vishal bhatt,9596430464,13700000,,,,
542,People & Blogs,Danny Fitt,9544277833,16900000,,,,
673,Comedy,Rubï¿½ï¿½ï¿½ï¿½ï¿½ï¿½,9477021288,15100000,,,,
928,Comedy,Adam W,9502983550,12800000,,,,
284,Film & Animation,Tilak,9465863821,23400000,,,,
569,Entertainment,Ch7HD,9463244435,16400000,,,,
558,Entertainment,SriBalajiMovies,9439857193,16600000,,,,
332,People & Blogs,Sourav Joshi Vlogs,9392093496,21700000,,,,
747,Entertainment,GMM25Thailand,9383692066,14500000,,,,
884,People & Blogs,ýýýýýýTwinsFromRussia,9378175604,13200000,,,,
293,Music,unknown boy varun,9299371231,23100000,,,,
336,Entertainment,Eva Bravo Play,9346383505,21600000,,,,
307,Comedy,Heroindori,9223534599,22600000,,,,
541,Comedy,Aayu and Pihu Show,9270331567,16900000,,,,
506,Gaming,zbing z.,9269174070,17600000,,,,
611,Music,MK MUSIC,9198986881,15900000,,,,
751,Music,Hear This Music,9201428420,14500000,,,,
890,Entertainment,Ian Boggs,9110348202,13100000,,,,
868,People & Blogs,Kids Lineï¿½ï¿½ï¿½ï¿½ï¿½ï¿½ï¿½,9088562002,13300000,,,,
991,Sports,Natan por Aï¿,9029609749,12300000,,,,
804,Entertainment,karameeshchannel,9106781518,13900000,,,,
538,Gaming,Guava Juice,9111000228,16900000,,,,
710,Music,Jorge & Mateus Oficial,9076642765,14800000,,,,
612,Gaming,Unspeakable,9052367553,15900000,,,,
504,Film & Animation,Les' Copaque Production,9059696049,17700000,,,,
766,Film & Animation,Zig & Sharko,9023952946,14400000,,,,
629,People & Blogs,Blippi Espaï¿½ï,8984089026,15500000,,,,
484,Film & Animation,BeatboxJCOP,8716982055,18000000,,,,
693,Entertainment,A2 Motivation by Arvind Arora,8932038210,15000000,,,,
679,Entertainment,Little Angel - Mï¿½ï¿½ï¿½ï¿½ï¿½ï¿½ï¿½ï¿½ï¿½ï¿½,8897705695,15000000,,,,
394,Gaming,AuthenticGames,8920141342,20100000,,,,
722,Education,Netflix Jr.,8882319696,14700000,,,,
906,Gaming,GH'S,8739174649,13000000,,,,
714,People & Blogs,5-Minute Crafts Recycle,8866012877,14800000,,,,
947,Music,NickiMinajAtVEVO,8831179714,12600000,,,,
551,Entertainment,With Kids[ï¿½ï¿½ï¿½ï¿½ï,8826138204,16700000,,,,
417,Entertainment,tabii Urdu,8779729549,19600000,,,,
374,Gaming,LazarBeam,8768697257,20500000,,,,
455,Gaming,ýýýýýýýý ýýýýýýýýýý ýýýýýýýýýý | Arab Games Network,8761255550,18600000,,,,
623,Entertainment,Prime Video India,8696631898,15700000,,,,
368,People & Blogs,tuzelity SHUFFLE,8658941531,20700000,,,,
537,Music,Pop Chartbusters,8684010451,16900000,,,,
686,Entertainment,THE BROWN SIBLINGS,8658553456,15000000,,,,
797,Music,Luli Pampï¿½,8623705301,14000000,,,,
709,People & Blogs,Meghan Trainor,8649303688,14800000,,,,
190,Film & Animation,Goldmines Dishoom,8603468420,28000000,,,,
211,Film & Animation,Goldmines Bollywood,8595760553,26400000,,,,
320,nan,Vlad and Niki ESP,8594440895,22000000,,,,
746,Entertainment,Telemundo,8582696157,14500000,,,,
811,nan,ýýýýýýýý ýý ýýýýýýýýýýýý,8451754769,13900000,,,,
261,Music,DJ Snake,8425505919,24100000,,,,
333,nan,ZAMZAM ELECTRONICS TRADING,8507818877,21700000,,,,
658,Entertainment,Oyuncak Avï¿,8333387785,15200000,,,,
436,Film & Animation,Wow Kidz Action,8281724393,19000000,,,,
633,Shows,ýýýýýýýý ýý ýýýýýýýý,8265129639,15500000,,,,
844,Entertainment,Lady Diana,8265920659,13500000,,,,
266,Gaming,Preston,8279004442,24000000,,,,
730,Gaming,PrestonPlayz,5766647017,14600000,,,,
9,People & Blogs,Like Nastya,90479060027,106000000,,,,
459,People & Blogs,Like Nastya Vlog,8147575884,18500000,,,,
829,Music,Wesley Safadï¿½,8134379376,13700000,,,,
583,Entertainment,Kids Play,8091706232,16200000,,,,
695,Entertainment,MNCTV OFFICIAL,8074260978,14900000,,,,
765,Entertainment,RS 1313 SHORTS,8011977288,14400000,,,,
315,Music,Paulo Londra,8040036209,22400000,,,,
418,Film & Animation,DaFuq!?Boom!,7906181776,19600000,,,,
733,Music,Fifth Harmony,7952268926,14600000,,,,
289,Entertainment,Akshay Nagwadiya,7966720147,23200000,,,,
847,Entertainment,Vijay Kumar Viner Vlogs,7958771872,13500000,,,,
205,Entertainment,Renato Garcia YT,7938616641,26900000,,,,
285,Film & Animation,Valentina Pontes ofc,7926899136,23400000,,,,
281,Film & Animation,Peppa Pig Espaï¿½ï¿½ï¿½ï¿½ï¿½ï¿½ï¿½ï¿½ï¿½,7920637200,23600000,,,,
869,Entertainment,VexTrex,7923901253,13300000,,,,
929,Education,Right to Shiksha,7876740921,12800000,,,,
499,People & Blogs,jaanvi patel,7912733203,17700000,,,,
672,Music,BIGBANG,7857371770,15100000,,,,
56,Entertainment,Vocï¿½ï¿½ï¿½,7828610828,44700000,,,,
632,Education,Infobells Bangla,7776706184,15500000,,,,
870,Gaming,penguinz0,7773543609,13300000,,,,
354,Entertainment,Rafa & Luiz,7762905663,21000000,,,,
467,Entertainment,Miley Cyrus,7760819588,18300000,,,,
982,People & Blogs,Pari's Lifestyle,7741764747,12400000,,,,
796,Gaming,ýýýýýýýýýýýý,7719743112,14000000,,,,
502,Entertainment,Porta dos Fundos,7739048000,17700000,,,,
200,Entertainment,Crazy XYZ,7705492350,27300000,,,,
981,Film & Animation,Zee Kids,7683670251,12400000,,,,
371,Comedy,Bizarrap,7657171980,20600000,,,,
971,Comedy,_vector_,7597013023,12400000,,,,
187,Entertainment,Shemaroo Movies,7600740993,28200000,,,,
514,Entertainment,Fun For Kids TV - Hindi Rhymes,7612385622,17500000,,,,
429,Entertainment,Sonotek,7590582024,19200000,,,,
657,Entertainment,T-Series Hamaar Bhojpuri,7564652648,15200000,,,,
918,People & Blogs,AlArabiya ï¿½ï¿½ï¿½ï¿½ï¿,7520379951,12900000,,,,
576,Music,Little Mix,7520242626,16300000,,,,
962,Music,elcarteldesantatv,7489455451,12500000,,,,
806,People & Blogs,Dental Digest,7450345720,13900000,,,,
225,People & Blogs,LosPolinesios,7466926260,25700000,,,,
411,People & Blogs,Troom Troom Es,7452667615,19700000,,,,
557,News & Politics,NMF News,7435180827,16600000,,,,
75,Gaming,elrubiusOMG,7410536668,40400000,,,,
565,Entertainment,FunFun Toy Doll TV,7406207930,16500000,,,,
594,nan,Vlad and Niki ARA,7399296005,16100000,,,,
497,nan,Jane ASMR ï¿½ï¿½,7387621644,17700000,,,,
871,Comedy,Just For Laughs Gags,7406628736,13300000,,,,
85,Nonprofits & Activism,TEDx Talks,7339333120,38600000,,,,
526,Music,Anitta,7337212581,17200000,,,,
513,News & Politics,News18 India,7263619576,17500000,,,,
377,People & Blogs,Jake Paul,7311322368,20400000,,,,
388,Education,Kiddiestv Hindi - Nursery Rhymes & Kids Songs,7274150246,20200000,,,,
435,Howto & Style,SUPER SLICK SLIME SAM,7229175322,19000000,,,,
269,People & Blogs,Diana and Roma EN,7213499085,23900000,,,,
599,nan,Panda Shorts,7155736006,16100000,,,,
656,Entertainment,Sony LIV,7151683497,15200000,,,,
547,Entertainment,Like Nastya IDN,7195314800,16800000,,,,
208,Entertainment,Netflix,7173668905,26700000,,,,
721,Comedy,CollegeHumor,7255848125,14700000,,,,
485,People & Blogs,David Dobrik,7176572299,17900000,,,,
626,Science & Technology,Linus Tech Tips,7172386509,15600000,,,,
579,Entertainment,Bollywood Classics,7141825267,16300000,,,,
680,Gaming,League of Legends,7159750970,15000000,,,,
568,Sports,UFC - Ultimate Fighting Championship,7135820721,16400000,,,,
550,Gaming,CoryxKenshin,7102965621,16700000,,,,
564,News & Politics,BBC News Hindi,7043235131,16500000,,,,
462,Comedy,TheWillyrex,7038827526,18400000,,,,
708,Howto & Style,ýýýýýýýý ýýýýýýýý,7018015062,14800000,,,,
453,nan,Smile Family Spanish,7008250496,18600000,,,,
990,Music,Migos ATL,6993406259,12400000,,,,
948,Music,Ellie Goulding,6969178081,12600000,,,,
927,Entertainment,MrSuicideSheep,6970899521,12800000,,,,
955,Education,Little Baby Bum en Espaï¿½ï,6956320454,12500000,,,,
980,Gaming,DaniRep | +6 Vï¿½ï¿½ï¿½ï¿½ï¿½ï¿½ï¿½ï¿½ï¿½ï¿½ï,6933660906,12400000,,,,
737,Entertainment,Like Nastya Stories,6944967581,14500000,,,,
597,Entertainment,Daily Dose Of Internet,6872702790,16100000,,,,
789,Music,Lana Del Rey,6884215292,14100000,,,,
684,Gaming,Kwebbelkop,6889304306,15000000,,,,
489,Music,Demi Lovato,6888074944,17900000,,,,
625,Gaming,Kuplinov ï¿½ï¿½ï¿,6862529416,15600000,,,,
613,Music,Camilo,6802382479,15900000,,,,
926,Howto & Style,Troom Troom India,6804072897,12800000,,,,
503,News & Politics,News 24,8396875537,17700000,,,,
280,Entertainment,Maya and Mary,6766461070,23600000,,,,
143,Howto & Style,GENIAL,6762424690,31800000,,,,
720,Comedy,Chad Wild Clay,6751985988,14700000,,,,
671,Gaming,EdisonPts,6668507856,15100000,,,,
925,Music,Duo Tiempo De Sol,6662288136,12800000,,,,
820,Shows,Kids TV India Hindi Nursery Rhymes,6646953396,13800000,,,,
660,News & Politics,NDTV India,6624168155,15200000,,,,
621,Music,Team Films Bhojpuri,6626563508,15700000,,,,
254,Film & Animation,Pen Movies,6608773195,24300000,,,,
393,Music,Skrillex,6618524158,20100000,,,,
575,Music,Camila Cabello,6613422635,16300000,,,,
204,Comedy,Brent Rivera,6570935979,27000000,,,,
268,Entertainment,Collins Key,6582932625,23900000,,,,
777,Education,infobells - Kannada,6554000320,14200000,,,,
574,Music,Boyce Avenue,6578828147,16300000,,,,
764,nan,Vlad and Niki PRT,6543282459,14400000,,,,
610,Gaming,Lyna,6534326412,15900000,,,,
602,People & Blogs,sagar kalra (Shorts),6543629679,16000000,,,,
867,People & Blogs,ýýýýýýýýýýýýýýýýýý,6482687220,13300000,,,,
231,People & Blogs,Rans Entertainment,6430853035,25400000,,,,
874,Gaming,AzzyLand,6412313570,13300000,,,,
483,Gaming,TheGrefg,6404852037,18000000,,,,
631,Music,Katakit Baby TV,6386271870,15500000,,,,
655,Music,SRK MUSIC,6391679636,15200000,,,,
637,Entertainment,Talking Tom & Friends,6396049701,15500000,,,,
433,Music,Lil Nas X,6339584661,19100000,,,,
909,Entertainment,Susy Mouriz,6270909026,13000000,,,,
510,Gaming,DeGoBooM,6306204566,17600000,,,,
917,Music,Akon,6300933122,12900000,,,,
745,Music,Aadishakti Films,6290721701,14500000,,,,
343,People & Blogs,The Royalty Family,6269945014,21300000,,,,
342,Music,Sidhu Moose Wala,6264261757,21400000,,,,
154,Entertainment,TheDonato,6187804950,31200000,,,,
988,Music,Avril Lavigne,6202090191,12400000,,,,
628,People & Blogs,5-Minute Crafts FAMILY,6165757696,15600000,,,,
398,Howto & Style,5-Minute Crafts PLAY,6119294270,20100000,,,,
391,Gaming,MiawAug,6098644584,20200000,,,,
788,Entertainment,Yudist Ardhana,6036496916,14100000,,,,
452,Entertainment,Shemaroo Comedy,6047584292,18600000,,,,
771,Music,Wish 107.5,6048517979,14200000,,,,
862,Gaming,theRadBrad,6050102764,13300000,,,,
297,Entertainment,DrossRotzank,6041264489,23000000,,,,
130,People & Blogs,Ricis Official,5994136760,33300000,,,,
731,Music,Martin Garrix,6017932195,14600000,,,,
606,Film & Animation,Totoy kids - Espaï¿½ï,5997599089,16000000,,,,
942,nan,Heidi y Zidane,6001189018,12700000,,,,
263,Entertainment,KSI,6002166932,24100000,,,,
279,Entertainment,Logan Paul,5994002464,23600000,,,,
702,Gaming,TazerCraft,5956193599,14900000,,,,
323,People & Blogs,Zach Choi ASMR,5918314128,21900000,,,,
619,Music,DM - Desi Melodies,5914071870,15700000,,,,
337,People & Blogs,Tekashi 6ix9ine,5890180734,21500000,,,,
335,Howto & Style,Village Cooking Channel,5863377051,21600000,,,,
924,Comedy,Melon City Show - ï¿½ï¿½ï¿½ï¿½ï¿½ï¿½ï¿½ï¿½ï¿½ï¿½ï¿,5863456698,12800000,,,,
561,Entertainment,Jordan Matter,5819508534,16600000,,,,
351,Howto & Style,Tasty,5783557209,21100000,,,,
408,People & Blogs,Crafty Panda,5759442450,19800000,,,,
819,News & Politics,Geo News,5727888539,13800000,,,,
144,Science & Technology,MR. INDIAN HACKER,5711208484,31700000,,,,
803,Gaming,Jazzghost,5673347763,13900000,,,,
72,People & Blogs,Kimberly Loaiza,5603111948,41300000,,,,
327,Science & Technology,National Geographic,5614621131,21800000,,,,
921,Shows,ýýýýýýýý ýýýý ýýýýýýýýýýýýýý,5585085130,12900000,,,,
935,nan,Diana and Roma IND,5567832210,12700000,,,,
622,Music,Zee Music Classic,5558051295,15700000,,,,
699,Entertainment,ýýýýýýýýýýýý8 : Thai Ch8,5549770244,14900000,,,,
843,Music,Awakening Music,5545936485,13500000,,,,
735,Comedy,Noman Official,5525773746,14600000,,,,
424,Sports,FIFA,5529131886,19400000,,,,
808,Entertainment,ADEL et SAMI,5465532801,13900000,,,,
642,People & Blogs,Roman Atwood Vlogs,5469103954,15400000,,,,
787,Autos & Vehicles,Supercar Blondie,5405563355,14100000,,,,
828,Comedy,FAPTV,5457203710,13700000,,,,
898,Entertainment,RedeTV,5333569294,13100000,,,,
670,People & Blogs,Mohamed Ramadan I ï¿½ï¿½ï¿½ï¿½ï¿½ï¿½ï,5324913850,15100000,,,,
299,Movies,Ultra Movie Parlour,5320485069,22900000,,,,
882,Education,The Infographics Show,5263540904,13200000,,,,
707,Gaming,Lachlan,5269059435,14800000,,,,
899,Music,twenty one pilots,5264039679,13100000,,,,
444,Entertainment,Sidemen,5257834105,18800000,,,,
488,Comedy,Lele Pons,5244917119,17900000,,,,
420,Entertainment,RKD Studios,5234251168,19500000,,,,
881,Entertainment,MC Divertida,5224764969,13200000,,,,
807,Entertainment,T-Series Regional,5217553897,13900000,,,,
432,Film & Animation,Goldmines Great Indian Comedy,5194942269,19100000,,,,
830,Education,infobells,5178142148,13700000,,,,
487,Entertainment,RobleisIUTU,5168721499,17900000,,,,
346,Entertainment,Infinite,5141834668,21300000,,,,
967,Music,Wave Music Bhakti,5146004207,12500000,,,,
836,Education,JOJO TV - Hindi Stories,5141201173,13600000,,,,
802,Entertainment,Crescendo com Luluca,5094050461,14000000,,,,
366,Howto & Style,5-Minute Crafts DIY,5091618606,20700000,,,,
553,People & Blogs,Tu COSMOPOLIS,5089284369,16700000,,,,
596,Music,TWICE,5055576881,16100000,,,,
529,Gaming,Willyrex,5024088947,17200000,,,,
818,People & Blogs,123 GO! Spanish,5019136690,13800000,,,,
744,People & Blogs,Boram Tube ToysReview [ï¿½ï¿½ï¿½ï¿½ï¿½ï¿½ï¿½ï¿½ï¿,5014888374,14500000,,,,
698,Entertainment,iTownGamePlay *Terror&Diversiï¿½ï,4977284539,14900000,,,,
827,People & Blogs,MyMissAnand,4963275018,13700000,,,,
793,Gaming,AM3NlC,4959982720,14000000,,,,
961,Entertainment,NDTV,4935793409,12500000,,,,
359,Pets & Animals,Brave Wilderness,4927879069,20900000,,,,
434,Education,ýýýýýýýýýýýýýý ýýýý,4924054368,19000000,,,,
645,Music,zayn,4909687948,15400000,,,,
743,nan,Eli Kids - Cartoons & Songs,4821183481,14500000,,,,
989,Education,Caylus,4779139505,12400000,,,,
769,People & Blogs,Super Polina,4776507159,14300000,,,,
581,Gaming,W2S,4768370464,16300000,,,,
646,People & Blogs,Kerajinan 5-Menit,4750420071,15400000,,,,
214,Entertainment,BB Ki Vines,4749833967,26300000,,,,
683,Gaming,PlayStation,4741434420,15000000,,,,
939,Howto & Style,Blossom,4733873025,12700000,,,,
891,Music,Lokdhun Punjabi,4712624489,13100000,,,,
380,Entertainment,SlivkiShow,4707412332,20400000,,,,
725,Music,Camila Loures,4684983333,14700000,,,,
795,People & Blogs,TV Ana Emilia,4674164601,14000000,,,,
792,Entertainment,Bie The Ska,4627069704,14100000,,,,
960,Entertainment,Parafernalha,4625777945,12500000,,,,
729,People & Blogs,Planeta das Gï¿½ï¿½,4622581344,14600000,,,,
850,nan,Vlad y Niki Show,4622628957,13400000,,,,
896,Music,Hungria Hip Hop,4608751851,13100000,,,,
540,Entertainment,VICE,4609753237,16900000,,,,
742,News & Politics,BBC News,4598387043,14500000,,,,
762,Howto & Style,Rosanna Pansino,4597228794,14400000,,,,
911,Comedy,The LaBrant Fam,4637474071,13000000,,,,
934,Music,Adexe & Nau,4579773883,12700000,,,,
738,Entertainment,les boys tv2,4577292740,14500000,,,,
431,Comedy,TheOdd1sOut,4566120190,19100000,,,,
458,People & Blogs,The ACE Family,4558380251,18500000,,,,
159,Gaming,AboFlah,4521573939,30500000,,,,
352,People & Blogs,Baim Paula,4526271677,21100000,,,,
653,Comedy,The MriDul,4503880875,15200000,,,,
427,Science & Technology,Unbox Therapy,4508184467,19300000,,,,
638,Howto & Style,ýýýýýýýý ýýýýýýýýýýýýýý ýýýý 5 ýýýýýýýýýý,4499826716,15500000,,,,
326,People & Blogs,Stokes Twins,4469711607,21800000,,,,
322,Film & Animation,Ben Azelart,4454917643,21900000,,,,
969,Comedy,CKM,4465772496,12500000,,,,
172,Comedy,ashish chanchlani vines,4457913639,29800000,,,,
530,Comedy,TheBrianMaps,4448334716,17100000,,,,
206,People & Blogs,Beast Reacts,4388047013,26700000,,,,
567,Comedy,Kaykai Salaider,4434679706,16400000,,,,
895,People & Blogs,ýýýýýýýýýýýýýýý Ms Yeah,4399833602,13100000,,,,
697,Music,melanie martinez,4395184343,14900000,,,,
677,Gaming,MoreAliA,4352427049,15000000,,,,
959,Howto & Style,Troom Troom PT,4384177908,12500000,,,,
353,Entertainment,nigahiga,4380564906,21000000,,,,
857,Gaming,H2ODelirious,4356686216,13400000,,,,
910,Music,7 Minutoz,4349562794,13000000,,,,
160,Entertainment,AH,4332274962,30400000,,,,
428,People & Blogs,shane,4329121104,19200000,,,,
750,Music,Saad Lamjarred | ï¿½ï¿½ï¿½ï¿½ï¿½ï¿,4315486422,14500000,,,,
840,Gaming,Typical Gamer,4301581610,13500000,,,,
933,Comedy,Franco Escamilla,4266957149,12700000,,,,
60,Comedy,whinderssonnunes,4274709210,44200000,,,,
741,Entertainment,Reaction Time,4260187928,14500000,,,,
668,Gaming,Makiman131,4236036141,15100000,,,,
894,Film & Animation,Peppa Pig em Portuguï¿½ï¿½ï¿½ï¿½ï¿½ï¿½ï¿½ï¿½ï¿,4214172991,13100000,,,,
501,Music,Lil Pump,4196061192,17700000,,,,
880,nan,Vilmei,4205664894,13200000,,,,
866,Entertainment,Vogue,4177184071,13300000,,,,
761,People & Blogs,Indore Physical Academy,4156427797,14400000,,,,
958,nan,Bebefinn - Nursery Rhymes & Kids Songs,4163639093,12500000,,,,
616,People & Blogs,Arif muhammad,4122634467,15800000,,,,
873,Gaming,BanderitaX,4129249415,13300000,,,,
461,Entertainment,PDK Films,4120324310,18400000,,,,
178,Comedy,AuronPlay,4079141673,29200000,,,,
585,Gaming,JJ Olatunji,4076692623,16200000,,,,
267,Entertainment,James Charles,4067878931,23900000,,,,
460,People & Blogs,Willie Salim,4051072188,18500000,,,,
772,Film & Animation,Invento na Hora,4040297006,14200000,,,,
719,Education,StudyIQ IAS,4029253667,14700000,,,,
118,Entertainment,Jess No Limit,3963007415,34000000,,,,
696,Entertainment,ERB,4033400167,14900000,,,,
979,Entertainment,Heidi and Zidane HZHtube,4021409291,12400000,,,,
682,Entertainment,XpressTV,4008801873,15000000,,,,
478,Howto & Style,Manual do Mundo,3980991248,18000000,,,,
419,Gaming,Clash of Clans,3961318438,19600000,,,,
566,Howto & Style,Sandra Cires Art,3955426159,16400000,,,,
845,Entertainment,Sanjoy Das Official,3912334359,13500000,,,,
776,Gaming,E-MasterSensei,3920559552,14200000,,,,
759,Comedy,Rclbeauty101,3900312631,14400000,,,,
403,Entertainment,Gordon Ramsay,3875172235,20000000,,,,
627,Entertainment,Juliana Baltar,3869457097,15600000,,,,
486,People & Blogs,KatieAngel,3841205465,17900000,,,,
358,Entertainment,Fatos Desconhecidos,3828000587,20900000,,,,
539,Entertainment,EeOneGuy,3827906874,16900000,,,,
511,Music,JFlaMusic,3802280098,17600000,,,,
879,Entertainment,Sonotek Bhakti,3789736218,13200000,,,,
643,Science & Technology,Mrwhosetheboss,3736069980,15400000,,,,
835,Music,Lindsey Stirling,3764608356,13600000,,,,
865,Entertainment,Kurt Hugo Schneider,3733856870,13300000,,,,
245,Entertainment,America's Got Talent,3699352704,24800000,,,,
548,Film & Animation,Gato Galactico | GALï¿½ï¿,3693798804,16800000,,,,
523,Howto & Style,HowToBasic,3684816159,17300000,,,,
443,Education,TED-Ed,3654621568,18800000,,,,
500,People & Blogs,tanboy kun,3647267655,17700000,,,,
916,Entertainment,Top Viral Talent,3643698504,12900000,,,,
250,Science & Technology,Mark Rober,3647987299,24600000,,,,
923,Entertainment,Talking Angela,3632438963,12800000,,,,
525,Science & Technology,Marques Brownlee,3606912471,17200000,,,,
784,Entertainment,#Refugio Mental,3594936775,14100000,,,,
940,Entertainment,#Refï¿½ï¿½ï¿½ï¿½,2709954270,12700000,,,,
728,Gaming,Jesser,3603556207,14600000,,,,
706,Music,MattyBRaps,3587576784,14800000,,,,
381,Music,Emiway Bantai,3579555124,20400000,,,,
740,Howto & Style,IDEIAS INCRï¿½ï¿½,3551889957,14500000,,,,
752,Comedy,Lilly Singh,3517662420,14500000,,,,
543,Nonprofits & Activism,Bispo Bruno Leonardo,3523578665,16900000,,,,
946,People & Blogs,ýýýýýýýýýSULGI,3485373675,12600000,,,,
457,Gaming,Marmok,3457618361,18500000,,,,
841,Howto & Style,Anaysa,3445794123,13500000,,,,
615,News & Politics,Narendra Modi,3392918989,15800000,,,,
296,Science & Technology,Technical Guruji,3378047383,23000000,,,,
856,Comedy,My Mate Nate,3363634923,13400000,,,,
727,People & Blogs,Auron,3337074920,14600000,,,,
782,Entertainment,DangMattSmith,3317805543,14200000,,,,
79,Comedy,CarryMinati,3294013141,39200000,,,,
944,Gaming,Morgz,3303595310,12600000,,,,
473,Entertainment,GEN HALILINTAR,3306242674,18100000,,,,
449,Comedy,Triggered Insaan,3276891538,18800000,,,,
791,Sports,F2Freestylers - Ultimate Soccer Skills Channel,3280481927,14100000,,,,
407,Science & Technology,HaerteTest,3234880084,19800000,,,,
471,People & Blogs,INCRï¿½ï¿,3213324455,18200000,,,,
813,Howto & Style,Alexa Rivera,3193226072,13900000,,,,
915,Entertainment,BIBOï¿½ï¿½ï¿½ï¿½ï,3178222797,12900000,,,,
945,People & Blogs,CaseyNeistat,3152402405,12600000,,,,
157,Comedy,Round2hell,3145161634,30700000,,,,
957,Travel & Events,Mï¿½ï¿½ï¿½ï¿½,3140883140,12500000,,,,
563,Comedy,FailArmy,3037260680,16500000,,,,
758,Comedy,Cyprien,3086254545,14400000,,,,
666,People & Blogs,PowerfulJRE,3060202847,15100000,,,,
604,Gaming,Antrax,3029872908,16000000,,,,
603,Education,wifistudy,3018032423,16000000,,,,
102,News & Politics,YouTube,3010784935,36300000,,,,
956,Howto & Style,First We Feast,2983799729,12500000,,,,
248,Howto & Style,Chloe Ting,2994726412,24700000,,,,
584,Comedy,T3ddy,2990185467,16200000,,,,
508,Howto & Style,ýýýýýýýýý Liziqi,2977741577,17600000,,,,
757,Entertainment,ýýýýýýýýýýýý ýýýýýýýýýýýý I ýýýýýý ýý ýýýýýýýýýý,2972474215,14400000,,,,
385,Entertainment,Ami Rodriguez,2951914200,20200000,,,,
826,Howto & Style,NishaMadhulika,2939201386,13700000,,,,
147,Gaming,Dream,2930015381,31700000,,,,
426,Science & Technology,Vsauce,2897907132,19300000,,,,
897,People & Blogs,RaptorGamer,2879263916,13100000,,,,
975,People & Blogs,Gibby :),2862685032,12400000,,,,
440,People & Blogs,HiMan,2855519150,18900000,,,,
922,Education,The Shiny Peanut,2848466522,12900000,,,,
978,Gaming,Timba Vk,2840137980,12400000,,,,
872,Howto & Style,Kabita's Kitchen,2831275503,13300000,,,,
386,Comedy,Noor Stars,2764127969,20200000,,,,
667,Howto & Style,Mariale,2761547758,15100000,,,,
734,Howto & Style,Mis Pastelitos,2750902766,14600000,,,,
848,Music,Conor Maynard,2750993392,13500000,,,,
889,nan,WiederDude,2733682792,13100000,,,,
255,Entertainment,MrBeast en Espaï¿½ï,2700914170,24200000,,,,
595,People & Blogs,Canal IN,2687443643,16100000,,,,
901,Entertainment,Davie504,2683297849,13000000,,,,
647,Sports,FC Barcelona,2656528205,15300000,,,,
726,Entertainment,Doc Tops,2613197447,14600000,,,,
609,Howto & Style,jeffreestar,2609358468,15900000,,,,
244,Howto & Style,Yuya,2588501115,24800000,,,,
893,People & Blogs,Painzeiro,2555801802,13100000,,,,
292,People & Blogs,TED,2551113422,23100000,,,,
273,Gaming,Ninja,2543809954,23700000,,,,
914,Sports,gymvirtual,2509752944,12900000,,,,
817,Gaming,ýýýýýýýý/Atro,2480957682,13800000,,,,
718,Entertainment,The Slow Mo Guys,2465473772,14700000,,,,
382,Entertainment,Got Talent Global,2441288701,20300000,,,,
562,Entertainment,ýýýýýýýý ýýýýýýýýýýýýýýýýýýýýýý,2440934034,16500000,,,,
312,Film & Animation,Goldmines Cineplex,2431154438,22500000,,,,
364,Education,Kurzgesagt ï¿½ï¿½ï¿½ï¿½ï¿½ï¿,2378448129,20800000,,,,
855,Howto & Style,ATHLEAN-Xï¿½,2319515787,13400000,,,,
985,Howto & Style,bharatzkitchen HINDI,2315226648,12400000,,,,
507,Comedy,MissaSinfonia,2274007523,17600000,,,,
861,Science & Technology,Trakin Tech,2262690743,13300000,,,,
421,News & Politics,DLS News,2255542592,19400000,,,,
805,Film & Animation,Darkar Company Studios,2244318380,13900000,,,,
512,Entertainment,FactTechz,2238134438,17500000,,,,
715,Entertainment,ýýýýýýýýýý ýýýýýýýýýýýý,2230986039,14700000,,,,
814,Entertainment,Airrack,2224911030,13800000,,,,
754,Gaming,Gyan Gamingï¿½,2224121890,14400000,,,,
794,Howto & Style,Narins Beauty,2214167846,14000000,,,,
532,Comedy,Liza Koshy,2173106162,17100000,,,,
812,Education,Veritasium,2165885634,13900000,,,,
663,Education,Daftar Populer,2143140898,15100000,,,,
278,Entertainment,Juan De Dios Pantoja,2135644776,23600000,,,,
852,People & Blogs,The World Adventures ï¿½ï¿½ï¿½ï¿½ï¿½ï¿½,2139769210,13400000,,,,
995,Comedy,Make Joke Of,2129773714,12300000,,,,
832,Gaming,Acenix,2122062016,13600000,,,,
912,People & Blogs,Pastor Antï¿½ï¿½ï¿½ï¿½ï,2112274210,12900000,,,,
783,Music,Neha Kakkar,2131548711,14100000,,,,
775,Gaming,TommyInnit,2084791147,14200000,,,,
877,Gaming,Brawl Stars,2036408398,13200000,,,,
972,nan,DEV Ke Facts,1971226335,12400000,,,,
822,Comedy,O Que Nï¿½ï¿½ï¿½ï¿½ï¿½ï¿,1967930734,13700000,,,,
823,Entertainment,Goldmines Premiere,1973638757,13700000,,,,
834,Sports,DALLMYD,1948925559,13600000,,,,
824,Entertainment,MAIKI021,1950178163,13700000,,,,
849,Howto & Style,Wengie,1900272833,13500000,,,,
363,Comedy,Canal Canalha,1870608170,20800000,,,,
815,Science & Technology,Hacksmith Industries,1820559912,13800000,,,,
705,Education,CrashCourse,1833519700,14800000,,,,
410,Comedy,JennaMarbles,1803249241,19700000,,,,
376,Film & Animation,Totoy kids - Portuguï¿½,1796227417,20400000,,,,
639,Comedy,Harsh Beniwal,1781226000,15400000,,,,
774,Howto & Style,NikkieTutorials,1778318927,14200000,,,,
661,People & Blogs,It's Mamix,1777072487,15100000,,,,
943,People & Blogs,Go Ami Go!,1714955279,12700000,,,,
665,People & Blogs,Ranz Kyle,1760131384,15100000,,,,
886,People & Blogs,CookingShooking Hindi,1758603195,13200000,,,,
739,nan,Lotus Music,1739129375,14500000,,,,
904,Music,Lofi Girl,1698279553,13000000,,,,
357,Education,Dr. Vivek Bindra: Motivational Speaker,1693149479,20900000,,,,
973,People & Blogs,Hero Movies 2023,1689090619,12400000,,,,
992,People & Blogs,Free Fire India Official,1674409945,12300000,,,,
580,Gaming,Technoblade,1656452554,16300000,,,,
649,Gaming,LOKESH GAMER,1640078055,15300000,,,,
755,Entertainment,Drawblogs,1629801448,14400000,,,,
949,Entertainment,colinfurze,1612094871,12500000,,,,
466,People & Blogs,Naisa Alifia Yuriza (N.A.Y),1606834186,18300000,,,,
662,Music,Kim Loaiza,1576633086,15100000,,,,
422,People & Blogs,JukiLop,1577859332,19400000,,,,
468,Gaming,IShowSpeed,1556003039,18300000,,,,
641,Gaming,Mobile Legends: Bang Bang,1543608082,15400000,,,,
592,Entertainment,Dyland PROS,1517638132,16100000,,,,
816,People & Blogs,JD Pantoja,1493776391,13800000,,,,
654,Entertainment,Niana Guerrero,1491452935,15200000,,,,
624,Entertainment,Caeli YT,1511794214,15600000,,,,
888,People & Blogs,Alex Gonzaga Official,1401914513,13100000,,,,
954,Gaming,Yair17,1402042328,12500000,,,,
132,Entertainment,Eros Now Music,17853798780,32700000,,,,
614,Education,Dear Sir,1349288771,15800000,,,,
716,Entertainment,Maha Fun Tv,1321380490,14700000,,,,
554,nan,Ivana Alawi,1318442641,16600000,,,,
839,Gaming,BUDI01 GAMING,1181292450,13500000,,,,
931,nan,FACT FIRE KING,1159290255,12700000,,,,
876,Entertainment,BIBO ï¿½ï¿½ï¿½ï¿½ï¿½ï¿,1148422000,13200000,,,,
885,Science & Technology,Technology Gyan,1138262456,13200000,,,,
950,Entertainment,People Vs Food,1136534702,12500000,,,,
977,Entertainment,SAAIHALILINTAR,1113066203,12400000,,,,
941,Gaming,Piuzinho,1081285962,12700000,,,,
520,Science & Technology,Apple,1026425106,17300000,,,,
902,Comedy,Everson Zoio,1024467771,13000000,,,,
534,Comedy,Prajapati News,1001465469,17000000,,,,
953,Howto & Style,Health Time,1002219689,12500000,,,,
521,Film & Animation,Stubborn Facts,902225615,17300000,,,,
833,nan,Zeinab Harake,896891351,13600000,,,,
652,People & Blogs,Pokï¿½ï¿½ï¿½ï¿½ï¿½ï¿½ï¿½ï¿½ï¿½,857725714,15200000,,,,
863,Entertainment,Matt Steffanina,3299216601,13300000,,,,
753,Entertainment,ýýýýýýýýýýýýýýýýýýýýý,600154268,14400000,,,,
402,Music,Vevo,559765455,20000000,,,,
760,Music,Coke Studio,4035738731,14400000,,,,
994,Gaming,RobTopGames,374123483,12300000,,,,
257,nan,Super JoJo - Nursery Rhymes & Kids Songs,329774870,24100000,,,,
456,Music,Dan-Sa / Daniel Saboya,2908120896,18500000,,,,
425,nan,Manoj  parihar,264228052,19300000,,,,
951,nan,Wolfoo Family,161254021,12500000,,,,
913,Entertainment,Matheus Yurley,140022442,12900000,,,,
993,nan,Panda,2214684303,12300000,,,,
86,People & Blogs,shfa,21528116909,38400000,,,,
589,People & Blogs,XO TEAM,14784781923,16200000,,,,
974,Gaming,LOUD,2394143260,12400000,,,,
937,Music,Future,9927699419,12700000,,,,
573,Entertainment,Matt Stonie,3527627264,16300000,,,,
717,Entertainment,Canal Nostalgia,1506796393,14700000,,,,
853,nan,Vibhu 96,20563378,13400000,,,,
270,Entertainment,Venus Entertainment,5663125358,23800000,,,,
88,Music,One Direction,13598903820,38200000,,,,
552,Music,Travis Scott,7979736581,16700000,,,,
620,nan,MY FAMILY,6153495609,15700000,,,,
903,Entertainment,Calon Sarjana,10664585,13000000,,,,
330,Music,Rotana,19329351143,21800000,,,,
685,News & Politics,Republic Bharat,7536093065,15000000,,,,
325,Entertainment,Disney Latinoamï¿½ï¿½,20657571751,21900000,,,,
409,News & Politics,SOMOY TV,12293479945,19800000,,,,
338,News & Politics,Tlnovelas,15013096899,21500000,,,,
194,People & Blogs,MrBeast 2,4552581106,27500000,,,,
362,Music,Romeo Santos,17324976752,20900000,,,,
414,Entertainment,SCTV,9808676159,19700000,,,,
556,Howto & Style,IDEAS EN 5 MINUTOS,3696973456,16600000,,,,
450,Entertainment,CKN,12295637162,18700000,,,,
152,People & Blogs,YOLO AVENTURAS,9673649438,31200000,,,,
703,Entertainment,Bayashi TV,8615618825,14900000,,,,
370,Entertainment,Deddy Corbuzier,4956090094,20600000,,,,
701,People & Blogs,ýýýýýý,439098,14900000,,,,
74,Comedy,Luisito Comunica,8670473639,40600000,,,,
237,Music,Chris Brown,15520569496,25200000,,,,
469,Entertainment,Good Mythical Morning,8798044678,18300000,,,,
509,Gaming,The Game Theorists,3752347262,17600000,,,,
905,Entertainment,Jomy Production,5057163256,13000000,,,,
773,Entertainment,SIS vs BRO,6973932553,14200000,,,,
842,Entertainment,JULIA GISELLA,5380132790,13500000,,,,
39,Music,LooLoo Kids - Nursery Rhymes and Children's Songs,32312431239,54000000,,,,
316,People & Blogs,Smile Family,8663830163,22300000,,,,
860,People & Blogs,The Q,4306212515,13400000,,,,
415,Gaming,AS Gaming,2851024430,19600000,,,,
664,Howto & Style,Musas,2400037562,15100000,,,,
19,nan,Sports,0,75000000,,,,
591,People & Blogs,ExtraPolinesios,4813127504,16200000,,,,
970,Science & Technology,Quantum Tech HD,4340213066,12500000,,,,
900,Music,DJ Khaled,6637820731,13100000,,,,
712,People & Blogs,Beast Philanthropy,272678287,14800000,,,,
495,Film & Animation,MSA previously My Story Animated,8588704539,17800000,,,,
76,Entertainment,Toys and Colors,47005053156,40300000,,,,
179,Comedy,Shorts Break,19466238065,29000000,,,,
367,Entertainment,Zach King,5410164682,20700000,,,,
785,Entertainment,ýýýýýýýýýýýýýýýýýýýý ýýýýýýýýýýýýýýýýýýýý,3920221322,14100000,,,,
598,Music,FitDance,7126210721,16100000,,,,
189,Music,Drake,15318895118,28100000,,,,
480,Entertainment,And TV,15412333005,18000000,,,,
174,nan,Popular on YouTube,0,29300000,,,,
236,People & Blogs,ABPLIVE,7968363381,25200000,,,,
527,Education,Jason Vlogs,8903647480,17200000,,,,
786,Music,Trap City,5129529846,14100000,,,,
908,nan,Wolfoo Channel,301547793,13000000,,,,
763,People & Blogs,Harry Styles,5689224452,14400000,,,,
340,Gaming,invictor,8409641722,21500000,,,,
546,People & Blogs,deepesh zo,7206462713,16800000,,,,
801,Entertainment,Zee Telugu,12597067132,14000000,,,,
229,Film & Animation,ZHC,2726917087,25500000,,,,
52,Music,Bad Bunny,30686342319,46100000,,,,
49,Entertainment,Badabun,19398045702,46800000,,,,
63,Entertainment,HolaSoyGerman.,4831311245,43600000,,,,
590,Entertainment,AdMe,4488680903,16200000,,,,
952,People & Blogs,Ja Mill,1302818088,12500000,,,,
987,People & Blogs,ANNA KOVA,13959586308,12400000,,,,
779,Pets & Animals,The Dodo,9964116817,14200000,,,,
976,Comedy,Gustavo Parï¿½ï¿½,2602614088,12400000,,,,
887,Entertainment,Ryan Trahan,2182651464,13100000,,,,
175,Music,Maluma,21226945136,29300000,,,,
404,Music,Pentatonix,6033295543,20000000,,,,
234,People & Blogs,Las Ratitas,9602246828,25200000,,,,
932,Entertainment,Ian Lucas,1450874545,12700000,,,,
201,Entertainment,ToyPuddingTV,15916882228,27100000,,,,
331,People & Blogs,Netflix India,7780934187,21800000,,,,
412,Film & Animation,Official Pink Panther,10955619815,19700000,,,,
51,Gaming,A4,22936630813,46300000,,,,
136,Film & Animation,WowKidz,16613441479,32200000,,,,
287,Science & Technology,Happy Lives,2634,23200000,,,,
451,Gaming,Ali-A,6148303268,18700000,,,,
28,Music,T-Series Bhakti Sagar,29533230328,61000000,,,,
253,Entertainment,Amit Bhadana,2380248899,24300000,,,,
892,People & Blogs,Knowledge Tv ï¿½ï¿½ï¿½ï¿½ï¿½ï¿½,1936582704,13100000,,,,
445,People & Blogs,Cardi B,7634430188,18800000,,,,
770,Comedy,Rebecca Zamolo,6388439235,14300000,,,,
399,Entertainment,Marvel Entertainment,5634695322,20100000,,,,
2,Film & Animation,YouTube Movies,0,170000000,,,,
62,Music,Alan Walker,12884264778,43700000,,,,
110,Gaming,Total Gaming,5556364230,35400000,,,,
544,Entertainment,DeToxoMoroxo,2315962318,16800000,,,,
15,Film & Animation,Goldmines,24118230580,86900000,,,,
688,Gaming,BigSchool,9996133066,15000000,,,,
809,News & Politics,Jamuna TV,12129583055,13900000,,,,
936,Music,Jass Records,5958994201,12700000,,,,
221,Music,Marï¿½ï¿½ï¿½ï¿½ï¿½,18597534412,26000000,,,,
756,Gaming,NOBRU,351763324,14400000,,,,
105,Gaming,MrBeast Gaming,6331332547,36100000,,,,
115,Gaming,Techno Gamerz,9690499664,34400000,,,,
165,Comedy,Talking Tom,15199330166,30200000,,,,
968,People & Blogs,Troom Troom Indonesia,5379684248,12500000,,,,
339,People & Blogs,SMOL,22065582014,21500000,,,,
549,Entertainment,Salman Noman,10393037902,16700000,,,,
123,Music,Desi Music Factory,10189027455,33700000,,,,
535,Entertainment,Gaby and Alex,8229883114,17000000,,,,
493,People & Blogs,Zuni and Family,6746269458,17900000,,,,
571,Entertainment,Alfredo Larin,14431830557,16400000,,,,
831,Gaming,Desi Gamers,2135195239,13700000,,,,
864,People & Blogs,Stray Kids,3364230487,13300000,,,,
446,nan,Busy Fun Ltd,7762077012,18800000,,,,
265,Film & Animation,Goldmines Movies,5652938599,24000000,,,,
78,People & Blogs,LUCCAS NETO - LUCCAS TOON,22302547082,39400000,,,,
17,Howto & Style,5-Minute Crafts,26236790209,80100000,,,,
184,Film & Animation,Masha y el Oso,13577142726,28300000,,,,
669,People & Blogs,Hongyu ASMR ï¿½ï¿½,4967784343,15100000,,,,
349,Education,Khan GS Research Centre,2073073070,21200000,,,,
570,Entertainment,RCTI - LAYAR DRAMA INDONESIA,13478392540,16400000,,,,
6,nan,Music,0,119000000,,,,
13,nan,Gaming,0,93600000,,,,
58,Howto & Style,BRIGHT SIDE,10708531817,44500000,,,,
103,nan,News,0,36300000,,,,
114,Music,T-Series Apna Punjab,21306315429,34600000,,,,
150,Entertainment,Luis Fonsi,15176762479,31400000,,,,
167,Gaming,Frost Diamond,7277493940,30100000,,,,
181,Music,Aditya Music India,25857994495,28500000,,,,
191,People & Blogs,Sandeep Maheshwari,2303069221,27800000,,,,
218,Entertainment,1MILLION Dance Studio,7886440199,26100000,,,,
227,Howto & Style,Fede Vigevani,7962725960,25600000,,,,
274,Gaming,FaZe Rug,7451792132,23700000,,,,
300,Film & Animation,Alan Becker,5380073627,22900000,,,,
341,Comedy,YOLO,1573058816,21400000,,,,
361,nan,Minecraft - Topic,0,20900000,,,,
378,Music,Linkin Park,13397000296,20400000,,,,
387,Entertainment,Family GamesTV,7066711323,20200000,,,,
395,Entertainment,Robin Hood Gamer,10366850490,20100000,,,,
441,Shows,Masha e o Urso,8301731337,18900000,,,,
464,People & Blogs,Dhar Mann,11280732382,18400000,,,,
477,Entertainment,Ajay Sharma,12249828886,18100000,,,,
545,Entertainment,Doggy Doggy Cartoons,6518418501,16800000,,,,
555,Entertainment,Werever2morro,2798273962,16600000,,,,
593,nan,Live,0,16100000,,,,
601,Entertainment,La Rosa de Guadalupe,9642146451,16100000,,,,
605,Gaming,Enes Batur,9786595271,16000000,,,,
607,People & Blogs,ýýýýýýýýýý,1845329502,15900000,,,,
630,Entertainment,Super Senya,5070970714,15500000,,,,
635,Science & Technology,Mr DegrEE,12880388253,15500000,,,,
681,Education,TheRichest,2730879024,15000000,,,,
711,Music,Major Lazer Official,9383431376,14800000,,,,
778,Music,Crazy Frog,7946322061,14200000,,,,
854,Entertainment,Blockbuster Movies,2650061211,13400000,,,,
878,Entertainment,Ei Nerd,3568392223,13200000,,,,
984,Comedy,MoniLina,16086808918,12400000,,,,
986,Education,TKOR,3392022527,12400000,,,,
736,Music,LEGENDA FUNK,2440718089,14500000,,,,
